{"epoch": 1, "train_iou": 0.5066930352673902, "train_dice": 0.5476104875470137, "train_accuracy": 0.9099568600778456, "val_iou": null, "val_dice": null, "val_accuracy": null}