{"epoch": 45, "train_iou": 0.7211496860950024, "train_dice": 0.7536513549940926, "train_accuracy": 0.9503146975071399, "val_iou": null, "val_dice": null, "val_accuracy": null}