{"epoch": 1, "train_iou": 0.5453473861728396, "train_dice": 0.5851894820278342, "train_accuracy": 0.8867707523432645, "val_iou": null, "val_dice": null, "val_accuracy": null}