{"epoch": 146, "train_iou": 0.7227925960119669, "train_dice": 0.7556242726065896, "train_accuracy": 0.9506623388884904, "val_iou": null, "val_dice": null, "val_accuracy": null}