{"epoch": 61, "train_iou": 0.7213751782070507, "train_dice": 0.7539769589126885, "train_accuracy": 0.9502413551528732, "val_iou": null, "val_dice": null, "val_accuracy": null}