{"epoch": 158, "train_iou": 0.7200865521059407, "train_dice": 0.7526871376223379, "train_accuracy": 0.95031791151344, "val_iou": null, "val_dice": null, "val_accuracy": null}